<?xml version="1.0" encoding="UTF-8" ?>
<!DOCTYPE mapper PUBLIC "-//mybatis.org//DTD Mapper 3.0//EN" "http://mybatis.org/dtd/mybatis-3-mapper.dtd" >
<mapper namespace="cn.jsu.dao.DeviceDao">
    <!--填写映射-->
    <insert id="insertElectricData" parameterType="DataInfo">
        INSERT INTO `data_info` (`device_id`, `measure_time`, `electricity_power`)
        VALUES (#{deviceId}, #{measureTime}, #{electricityPower}) ;
    </insert>

    <insert id="insertLocateInfo">
        INSERT INTO `locate_info` (`device_id`, `measure_time`,
                                   `longitude`, `latitude`)
        VALUES (#{deviceId}, #{measureTime}, #{longitude}, #{latitude})
    </insert>

    <insert id="insertTemperatureAndHumidity">
        INSERT INTO `extra_data_info` (
            `device_id`,
            `measure_time`,
            `data_temperature`,
            `data_humidity`
        )
        VALUES
        (
            #{deviceId},
            #{measureTime},
            #{dataTemperature},
            #{dataHumidity}
        )
    </insert>

    <insert id="insertBatteryVoltageInfo">
        INSERT INTO `lithium_battery_info` (
            `device_id`,
            `measure_time`,
            `battery_valtage`
        )
        VALUES
        (
            #{deviceId},
            #{measureTime},
            #{batteryVoltage}
        )
    </insert>
    <select id="selectDeviceByEui" parameterType="String" resultType="Integer">
        SELECT  `device_id`
        FROM `device_info`
        WHERE `device_eui` = #{deviceEui}
    </select>

</mapper>
