<?xml version="1.0" encoding="UTF-8" ?>
<!DOCTYPE mapper PUBLIC "-//mybatis.org//DTD Mapper 3.0//EN" "http://mybatis.org/dtd/mybatis-3-mapper.dtd" >

<mapper namespace="cn.jsu.dao.DataCollectDao">
    <select id = "queryExtraData" parameterType = "DataQuery" resultType = "ExtraData">
        select measure_time,data_humidity,data_temperature
        from extra_data_info
        where device_id = #{deviceId}
        <if test = "measureTime1 != null and measureTime2 != null">
            AND measure_time BETWEEN #{measureTime1} AND #{measureTime2}
        </if>
    </select>

    <select id = "queryNowExtraData" parameterType = "QueryInfo" resultType = "MainData">
        select electricity_power,measure_time
        from data_info
        where device_id = #{deviceId}
        <if test="measureTime1 != null">
            AND measure_time &gt;= #{measureTime1}
        </if>
        <if test="measureTime2 != null">
            AND measure_time &lt;= #{measureTime2}
        </if>
    </select>

    <select id = "queryPower" parameterType = "dataQuery" resultType = "MainData">
        select electricity_power,measure_time
        from data_info
        where device_id = #{deviceId}
        <if test="measureTime1 != null">
            AND measure_time &gt;= #{measureTime1}
        </if>
        <if test="measureTime2 != null">
            AND measure_time &lt;= #{measureTime2}
        </if>
    </select>

    <select id = "queryNowPower" parameterType = "QueryInfo" resultType = "MainData">
        select electricity_power,measure_time
        from data_info
        where device_id = #{deviceId}
        <if test="measureTime1 != null">
            AND measure_time &gt;= #{measureTime1}
        </if>
        <if test="measureTime2 != null">
            AND measure_time &lt;= #{measureTime2}
        </if>
    </select>

    <select id = "queryLocate" resultType = "LocateInfo">
        SELECT `longitude`,`latitude` FROM `locate_info`
        WHERE device_id = #{deviceId} AND
        `measure_time` &lt;= SYSDATE()
        ORDER BY `measure_time` DESC
        LIMIT 1
    </select>

    <select id="getPowerDataCount" resultType="java.util.HashMap">
        SELECT DISTINCT DATE_FORMAT(measure_time, '%Y-%m-%d') AS DATE, COUNT(data_id) AS COUNT
        FROM data_info
        WHERE device_id=#{deviceId}
        AND measure_time <![CDATA[ >= ]]> #{startTime}
        AND measure_time <![CDATA[ <= ]]> #{endTime}
        GROUP BY DATE_FORMAT(measure_time, '%Y-%m-%d')
    </select>
</mapper>