<?xml version="1.0" encoding="UTF-8" ?>
<!DOCTYPE mapper PUBLIC "-//mybatis.org//DTD Mapper 3.0//EN" "http://mybatis.org/dtd/mybatis-3-mapper.dtd" >

<mapper namespace="cn.jsu.dao.DeviceDao">
    <insert id="addDevice" parameterType="deviceInfo" useGeneratedKeys="true" keyProperty="deviceId" keyColumn="device_id">
        INSERT device_info
        (device_eui,
         device_name,
         device_addres,
         device_type,
         device_mark,
         create_date,
         device_angle,
         device_specification,
         device_voltag,
         device_power,
         device_range,
         address_id
        ) VALUES
                    (#{deviceEui},
                     #{deviceName},
                     #{deviceAddres},
                     #{deviceType},
                     #{deviceMark},
                     UTC_TIMESTAMP(),
                     #{deviceAngle},
                     #{deviceSpecification},
                     #{deviceVoltag},
                     #{devicePower},
                     #{deviceRange},
                     #{addressId}
                     )

    </insert>

    <select id="checkDeviceEuiUnique" resultType="java.lang.Integer" parameterType="java.lang.String">
        SELECT COUNT(1)
        FROM
            device_info
        WHERE
            device_eui = #{deviceEui}
          AND del_flag = 0
    </select>

    <update id = "updateDeviceInfo" parameterType = "DeviceInfo">
        UPDATE `device_info`
        <set>
            <if test="deviceEui != null and deviceEui != ''">`device_eui`=#{deviceEui},</if>
            <if test="deviceName != null and deviceName != ''">`device_name`=#{deviceName},</if>
            <if test="deviceAddres != null and deviceAddres != ''">`device_addres`=#{deviceAddres},</if>
            <if test="deviceType != null and deviceType != ''">`device_type`=#{deviceType},</if>
            <if test="deviceMark != null and deviceMark != ''">`device_mark`=#{deviceMark},</if>
            <if test="deviceAngle != null and deviceAngle != ''">`device_angle`=#{deviceAngle},</if>
            <if test="deviceSpecification != null and deviceSpecification != ''">`device_specification`=#{deviceSpecification},</if>
            <if test="deviceVoltag != null and deviceVoltag != ''">`device_voltag`=#{deviceVoltag},</if>
            <if test="devicePower != null and devicePower != ''">`device_power`=#{devicePower},</if>
            <if test="deviceRange != null and deviceRange != ''">`device_range`=#{deviceRange},</if>
            <if test="addressId != null and addressId != ''">`address_id`=#{addressId},</if>
        </set>
        WHERE `device_id` = #{deviceId}
    </update>


    <update id="deleteDevice">
        UPDATE
        `device_info`
        SET `del_flag`='1'
        WHERE `device_id` in
        <foreach collection="list" item="deviceId" open="(" separator="," close=")">
            #{deviceId}
        </foreach>
    </update>

    <select id="queryDeviceList" parameterType="queryDeviceDetailsDTO" resultType="DeviceInfoVO">
        SELECT di.device_id, device_eui, device_name, device_addres, device_type, device_mark,
        create_date, device_angle, device_specification, device_voltag, device_power, device_range, address_id
        FROM device_info AS di
        WHERE di.device_id IN
                            (
                            SELECT
                            user_device.device_id
                            FROM
                            user_device
                            WHERE
                            user_id = #{userId}
                            )
        <if test="addressId != null ">
            AND address_id = #{addressId}
        </if>
        <if test="deviceName != null and deviceName!= '' ">
            AND device_name LIKE concat('%', #{deviceName}, '%')
        </if>
        AND di.del_flag = 0
        ORDER BY
        di.device_id
    </select>

    <select id="queryDeviceDetails" resultType="DeviceInfo">
        SELECT
            di.device_id,
            device_eui,
            device_name,
            device_addres,
            device_type,
            device_mark,
            create_date,
            device_angle,
            device_specification,
            device_voltag,
            device_power,
            device_range,
            address_id
        FROM
            device_info AS di
        WHERE
                di.device_id IN
                (
                    SELECT
                        user_device.device_id
                    FROM
                        user_device
                    WHERE
                        user_id = #{userId}
                    AND
                        di.device_id = #{deviceId}
                )
          AND di.del_flag = 0
        ORDER BY
            di.device_id
    </select>

    <select id="queryAddress" parameterType="Integer" resultType="City">
        SELECT
           id,pid,cityname
        FROM
            city AS c
        WHERE pid = #{pid}
    </select>

    <select id="queryAddressById" parameterType="Integer" resultType="City">
        SELECT *
        FROM city
        WHERE `id` = #{id}
    </select>

    <select id="queryDeviceIpById" parameterType="Integer" resultType="String">
        SELECT  `device_ip`
        FROM `device_info`
        WHERE `device_id` = #{deviceId}
    </select>

    <insert id="addUserDevice" >
        INSERT user_device
        (user_id, device_id)
        VALUES
        (#{userId},#{deviceId})
    </insert>

</mapper>